Head 1;Head 2;Head 3;Head 4;Head 5;Head 6;Head 7;Head 8;Head 9;Head 10
fourth csv file row 1 field 1;fourth csv file row 1 field 2;fourth csv file row 1 field 3;fourth csv file row 1 field 4;fourth csv file row 1 field 5;fourth csv file row 1 field 6;fourth csv file row 1 field 7;fourth csv file row 1 field 8;fourth csv file row 1 field 9;fourth csv file row 1 field 10
fourth csv file row 2 field 1;fourth csv file row 2 field 2;fourth csv file row 2 field 3;fourth csv file row 2 field 4;fourth csv file row 2 field 5;fourth csv file row 2 field 6;fourth csv file row 2 field 7;fourth csv file row 2 field 8;fourth csv file row 2 field 9;fourth csv file row 2 field 10
fourth csv file row 3 field 1;fourth csv file row 3 field 2;fourth csv file row 3 field 3;fourth csv file row 3 field 4;fourth csv file row 3 field 5;fourth csv file row 3 field 6;fourth csv file row 3 field 7;fourth csv file row 3 field 8;fourth csv file row 3 field 9;fourth csv file row 3 field 10
fourth csv file row 4 field 1;fourth csv file row 4 field 2;fourth csv file row 4 field 3;fourth csv file row 4 field 4;fourth csv file row 4 field 5;fourth csv file row 4 field 6;fourth csv file row 4 field 7;fourth csv file row 4 field 8;fourth csv file row 4 field 9;fourth csv file row 4 field 10
fourth csv file row 5 field 1;fourth csv file row 5 field 2;fourth csv file row 5 field 3;fourth csv file row 5 field 4;fourth csv file row 5 field 5;fourth csv file row 5 field 6;fourth csv file row 5 field 7;fourth csv file row 5 field 8;fourth csv file row 5 field 9;fourth csv file row 5 field 10
fourth csv file row 6 field 1;fourth csv file row 6 field 2;fourth csv file row 6 field 3;fourth csv file row 6 field 4;fourth csv file row 6 field 5;fourth csv file row 6 field 6;fourth csv file row 6 field 7;fourth csv file row 6 field 8;fourth csv file row 6 field 9;fourth csv file row 6 field 10
fourth csv file row 7 field 1;fourth csv file row 7 field 2;fourth csv file row 7 field 3;fourth csv file row 7 field 4;fourth csv file row 7 field 5;fourth csv file row 7 field 6;fourth csv file row 7 field 7;fourth csv file row 7 field 8;fourth csv file row 7 field 9;fourth csv file row 7 field 10
fourth csv file row 8 field 1;fourth csv file row 8 field 2;fourth csv file row 8 field 3;fourth csv file row 8 field 4;fourth csv file row 8 field 5;fourth csv file row 8 field 6;fourth csv file row 8 field 7;fourth csv file row 8 field 8;fourth csv file row 8 field 9;fourth csv file row 8 field 10
fourth csv file row 9 field 1;fourth csv file row 9 field 2;fourth csv file row 9 field 3;fourth csv file row 9 field 4;fourth csv file row 9 field 5;fourth csv file row 9 field 6;fourth csv file row 9 field 7;fourth csv file row 9 field 8;fourth csv file row 9 field 9;fourth csv file row 9 field 10
